Region,Country,Year,Diversity_rank,RDI_score,Diveristy_level,Buddhists,Christians,Hindus,Jews,Muslims,Other_Religions,Religiously_Unaffiliated,Level,Countrycode
World,All World,2010,,8.9824572,Very high,4.88203,30.584753,14.977995,.19818659,23.869791,2.19508,23.292166,3,900
World,All World,2020,,8.9667215,Very high,4.1110005,28.771444,14.936468,.18742074,25.648489,2.1832855,24.16189,3,900
Asia-Pacific,All Asia-Pacific,2010,,8.8041687,Very high,8.146677,6.1387029,25.278584,.0043948125,24.763258,2.6490867,33.019299,2,90001
Asia-Pacific,All Asia-Pacific,2020,,8.738061,Very high,6.9554491,5.9153156,25.671322,.0040718638,26.132376,2.4761419,32.845325,2,90001
Europe,All Europe,2010,,4.724689,Moderate,.2712456,74.643921,.22280331,.18723944,5.2958255,.67352021,18.705446,2,90002
Europe,All Europe,2020,,5.6268291,High,.33728257,67.087288,.28589082,.16962473,6.0436268,.79960239,25.276688,2,90002
Latin America-Caribbean,All Latin America-Caribbean,2010,,2.1201482,Moderate,.057280548,90.101936,.1128431,.07587067,.1206103,1.6907456,7.8407125,2,90003
Latin America-Caribbean,All Latin America-Caribbean,2020,,3.1329558,Moderate,.050572522,84.631409,.10759807,.060482305,.1165746,3.0950298,11.938336,2,90003
Middle East-North Africa,All Middle East-North Africa,2010,,1.3487618,Low,.018161742,3.318749,.56061095,1.6217284,93.967026,.14352216,.37020186,2,90004
Middle East-North Africa,All Middle East-North Africa,2020,,1.3040018,Low,.020175267,2.9381886,.7331242,1.5439178,94.183472,.15842296,.42270288,2,90004
North America,All North America,2010,,4.3631721,Moderate,1.1475023,77.186493,.67531604,1.7515265,1.1247675,.92664224,17.18775,2,90005
North America,All North America,2020,,5.9694538,High,1.3367914,62.929474,.9580192,1.6117562,1.5659525,1.3727281,30.225277,2,90005
Sub-Saharan Africa,All Sub-Saharan Africa,2010,,6.005877,High,.0065470608,61.728931,.15527757,.009579205,31.98299,3.0294383,3.0872374,2,90006
Sub-Saharan Africa,All Sub-Saharan Africa,2020,,5.9104943,High,.006358556,62.019115,.1300505,.0046234992,32.782265,2.4661214,2.5914669,2,90006
Asia-Pacific,Afghanistan,2010,199,.058420897,Very low,.01998632,.1002244,.00035473987,.00010642195,99.749184,.1214947,.0086524095,1,4
Asia-Pacific,Afghanistan,2020,200,.032174885,Very low,.020000853,.019379199,.00012829648,.000025659296,99.861969,.090042546,.0084565645,1,4
Europe,Albania,2010,45,5.3388863,Moderate,0,20.28347,0,.0095936852,70.152901,.016603233,9.5374289,1,8
Europe,Albania,2020,61,4.7514939,Moderate,.00015821807,17.815659,.00070793473,.010049576,74.507225,.013315931,7.6528878,1,8
Middle East-North Africa,Algeria,2010,180,.32947323,Very low,.014109505,.29067931,0,.00015195629,98.571457,.038876127,1.0847238,1,12
Middle East-North Africa,Algeria,2020,182,.37242523,Very low,.015000784,.29498956,0,.00012998551,98.382347,.041328549,1.2662071,1,12
Sub-Saharan Africa,Angola,2010,126,1.8431664,Low,.0038520496,91.574677,.013696175,.0021400275,.16690551,3.7618802,4.47685,1,24
Sub-Saharan Africa,Angola,2020,143,1.5223813,Low,.0023931684,93.044708,.0092735281,.0011965842,.255656,.57196772,6.1148081,1,24
Latin America-Caribbean,Argentina,2010,107,2.5050216,Moderate,.029148331,88.07093,.0024817444,.44282106,1.0000821,.72703087,9.7275085,1,32
Latin America-Caribbean,Argentina,2020,118,2.4368269,Moderate,.031062232,88.453941,.0025738536,.38497812,.92919636,.96533829,9.2329092,1,32
Asia-Pacific,Armenia,2010,176,.565211,Very low,.0067881914,97.532471,.004751734,.0033940957,.023529492,1.2229218,1.2061422,1,51
Asia-Pacific,Armenia,2020,171,.61517316,Very low,.010692867,97.312691,.0074850074,.0035642891,.26675764,1.2209328,1.1778806,1,51
Latin America-Caribbean,Aruba,2010,78,3.6034043,Moderate,.47836637,82.22213,.24914916,.35254142,.17938739,10.906172,5.6122522,1,533
Latin America-Caribbean,Aruba,2020,84,3.7455561,Moderate,.54416919,81.420067,.28146681,.35426697,.33776018,11.188284,5.8739867,1,533
Asia-Pacific,Australia,2010,39,5.6705937,High,2.7270718,67.118286,1.4443375,.49647224,2.4758129,.87934017,24.858683,1,36
Asia-Pacific,Australia,2020,9,6.9899096,High,2.6115515,46.750423,2.963423,.42041209,3.5031476,1.4070219,42.344021,1,36
Europe,Austria,2010,73,3.8715367,Moderate,.22099462,80.436592,.087822534,.16190322,5.3830957,.20432314,13.505266,1,40
Europe,Austria,2020,40,5.5754271,High,.29699627,68.190697,.11324698,.060347393,8.3027582,.6385594,22.397392,1,40
Asia-Pacific,Azerbaijan,2010,170,.65733314,Very low,.0024899314,1.6387202,.0083358577,.15987027,97.122185,0,1.0683964,1,31
Asia-Pacific,Azerbaijan,2020,157,1.1712245,Low,.0020418181,.41967309,.0068060611,.084269956,94.727257,0,4.7599525,1,31
Latin America-Caribbean,Bahamas,2010,175,.57208073,Very low,0,97.49794,.12499024,.055772845,.089345306,.31615686,1.9157948,1,44
Latin America-Caribbean,Bahamas,2020,175,.55154103,Very low,0,97.589401,.12642616,.049463589,.085834786,.29199135,1.8568816,1,44
Middle East-North Africa,Bahrain,2010,43,5.4318924,Moderate,.1828378,15.718696,12.881372,.016314505,70.217789,.61476016,.3682299,1,48
Middle East-North Africa,Bahrain,2020,58,4.90909,Moderate,.15959714,13.67351,11.205845,.014348853,74.021469,.60515612,.32007417,1,48
Asia-Pacific,Bangladesh,2010,119,2.0517609,Moderate,.6215775,.30437979,8.5614357,0,90.374504,.13810107,0,1,50
Asia-Pacific,Bangladesh,2020,133,1.9177891,Low,.61018306,.30009001,7.9023709,0,91.067322,.12003601,0,1,50
Latin America-Caribbean,Barbados,2010,64,4.3144255,Moderate,.10192529,76.594177,.47174129,.046094559,.71785039,1.2617199,20.806494,1,52
Latin America-Caribbean,Barbados,2020,74,4.2109685,Moderate,.10687833,77.349068,.46223992,.045945168,.70698702,1.1899288,20.138952,1,52
Europe,Belarus,2010,141,1.3629491,Low,.038165011,93.841957,.0055695837,.12947741,.25689963,.74785215,4.9800754,1,112
Europe,Belarus,2020,100,2.9896107,Moderate,.037825391,85.130638,.0055741589,.074737325,.26230726,.71717238,13.771746,1,112
Europe,Belgium,2010,23,6.0818958,High,.14475167,61.109604,.11814681,.27670664,5.1129079,1.2252637,32.012623,1,56
Europe,Belgium,2020,13,6.8005438,High,.1784153,50.9715,.23222196,.25082782,6.8113284,2.572257,38.983448,1,56
Latin America-Caribbean,Belize,2010,54,4.875905,Moderate,.25641423,74.03389,.20103468,.18316923,.19491985,9.1239891,16.006582,1,84
Latin America-Caribbean,Belize,2020,60,4.8311615,Moderate,.25308877,74.366051,.19547847,.19750811,.18023044,9.1780396,15.629606,1,84
Sub-Saharan Africa,Benin,2010,11,6.8108296,High,.0094010942,58.32692,.0094222669,.00003176045,23.464527,13.790581,4.3991208,1,204
Sub-Saharan Africa,Benin,2020,8,7.0548515,Very high,.0082258154,53.231163,.008297001,.000063275504,31.40123,10.465116,4.88591,1,204
Asia-Pacific,Bhutan,2010,61,4.558095,Moderate,74.701378,.5481391,22.553225,.000031513213,.22865137,1.940111,.028466828,1,64
Asia-Pacific,Bhutan,2020,69,4.5546651,Moderate,74.735252,.55020624,22.50588,.000057136298,.22215641,1.9427681,.043676686,1,64
Latin America-Caribbean,Bolivia,2010,155,.96172512,Very low,.017019995,95.706306,.0033257459,.034531184,.0084121814,.2421076,3.9882944,1,68
Latin America-Caribbean,Bolivia,2020,124,2.3320014,Moderate,.01885028,88.925598,.003686277,.0041889511,.0098021459,1.4902164,9.547658,1,68
Europe,Bosnia-Herzegovina,2010,24,6.0787535,High,.0023615304,46.453857,0,.013119613,51.275082,1.1486156,1.1069636,1,70
Europe,Bosnia-Herzegovina,2020,30,5.9782372,High,.0027121345,44.677944,0,.015067413,53.648979,.60955805,1.0457406,1,70
Sub-Saharan Africa,Botswana,2010,74,3.8451216,Moderate,.24802342,80.463951,.14342645,.0047808816,.71622223,3.7609153,14.662677,1,72
Sub-Saharan Africa,Botswana,2020,89,3.5071208,Moderate,.22821616,82.290588,.13744883,.0039271098,.33039239,2.2872162,14.722209,1,72
Latin America-Caribbean,Brazil,2010,113,2.3083179,Moderate,.12678048,89.158264,.0029942514,.055669174,.018563654,2.5220077,8.1157188,1,76
Latin America-Caribbean,Brazil,2020,83,3.8274372,Moderate,.10313736,80.655067,.00077041739,.044158481,.017701255,5.7058816,13.473284,1,76
Asia-Pacific,Brunei,2010,65,4.2498655,Moderate,7.8363509,8.6844969,1.3407314,0,78.793671,3.1882052,.15654491,1,96
Asia-Pacific,Brunei,2020,88,3.6792648,Moderate,6.2967753,6.6934423,1.3356726,0,82.150757,3.3671494,.15620579,1,96
Europe,Bulgaria,2010,76,3.7381127,Moderate,.019819338,81.397606,.0014116295,.049360912,9.98141,.14314535,8.4072437,1,100
Europe,Bulgaria,2020,77,4.053359,Moderate,.026466109,79.497078,.0029070857,.045989148,10.258736,.136665,10.032158,1,100
Sub-Saharan Africa,Burkina Faso,2010,28,5.9285913,High,.0015511721,26.581064,.0007445626,0,64.342949,8.4493933,.6243,1,854
Sub-Saharan Africa,Burkina Faso,2020,45,5.4311719,Moderate,.0012544937,28.004366,.00060401548,0,67.409698,4.0082779,.57579911,1,854
Sub-Saharan Africa,Burundi,2010,152,1.0378673,Low,.00010956976,95.405525,.0070443931,.00021913952,2.0740278,.65396762,1.8591024,1,108
Sub-Saharan Africa,Burundi,2020,158,1.1289018,Low,.00016366309,94.980278,.0074676019,.00016366309,2.9935937,.76537955,1.252955,1,108
Asia-Pacific,Cambodia,2010,168,.70060432,Very low,96.928932,.37198132,.00090506981,0,1.9044551,.70043284,.093291819,1,116
Asia-Pacific,Cambodia,2020,168,.66367507,Very low,97.090858,.31641948,.00079283462,0,2.0429039,.46998683,.079039522,1,116
Sub-Saharan Africa,Cameroon,2010,51,5.1150527,Moderate,.001808902,71.665817,.0063404581,.0063404581,21.32802,3.9161279,3.075546,1,120
Sub-Saharan Africa,Cameroon,2020,52,5.2237725,Moderate,.0018199101,69.833939,.0074303336,.0063794805,25.15727,2.9132965,2.0798645,1,120
North America,Canada,2010,36,5.7042441,High,1.1058371,67.249382,1.5851321,1.0001762,3.2494712,1.9552203,23.854778,1,124
North America,Canada,2020,11,6.9051676,High,1.737348,53.321121,1.5247571,.92304629,4.8878632,2.9764302,34.629429,1,124
Sub-Saharan Africa,Cape Verde,2010,95,2.8819411,Moderate,.0057558096,85.701752,.0015348826,.012854642,.28412381,.40238708,13.591594,1,132
Sub-Saharan Africa,Cape Verde,2020,79,4.0176744,Moderate,.005148977,78.29805,.0013730605,.012357544,.31266481,.75420195,20.616205,1,132
Sub-Saharan Africa,Central African Republic,2010,116,2.1821809,Moderate,.0021458918,89.762932,.0010729459,.0034334268,8.3951263,.83705986,.99822861,1,140
Sub-Saharan Africa,Central African Republic,2020,130,2.0206375,Moderate,.0018716007,90.675163,.0024330809,.0031817211,6.2410378,2.6238563,.45245379,1,140
Sub-Saharan Africa,Chad,2010,26,6.0056014,High,.011265496,39.548363,.011265496,0,57.278461,.461135,2.6895161,1,148
Sub-Saharan Africa,Chad,2020,25,6.1818047,High,.010874331,38.894054,.0099971751,0,56.357784,1.592638,3.1346579,1,148
Europe,Channel Islands,2010,92,2.9330394,Moderate,.0034585549,85.370674,.080060706,.064853951,.07824678,.34281412,14.059889,1,830
Europe,Channel Islands,2020,101,2.9611855,Moderate,.0035124409,85.2033,.081575029,.066504717,.079690456,.34925935,14.216156,1,830
Latin America-Caribbean,Chile,2010,97,2.817035,Moderate,.016725965,86.02832,.004410685,.1632096,.0073511414,.19836402,13.58162,1,152
Latin America-Caribbean,Chile,2020,55,5.1497011,Moderate,.038323306,68.326019,.005335507,.081571691,.066993728,1.2156916,30.266064,1,152
Asia-Pacific,China,2010,99,2.6931071,Moderate,5.6303849,2.3081434,.0016627132,.00022895311,1.5336534,3.1039207,87.422005,1,156
Asia-Pacific,China,2020,126,2.2610345,Moderate,3.7429757,1.7847568,.0020417899,.00021302719,1.8218017,3.0250807,89.623131,1,156
Latin America-Caribbean,Colombia,2010,131,1.640264,Low,.0036147719,92.420113,.00091484963,.0058014854,.0030123098,.3223874,7.2441578,1,170
Latin America-Caribbean,Colombia,2020,104,2.8562493,Moderate,.0092215305,86.246964,.0010246146,.0041378662,.0039269077,3.7911248,9.9436026,1,170
Sub-Saharan Africa,Comoros,2010,195,.10745754,Very low,0,.30425164,.00076216721,0,99.537849,.027107738,.13002573,1,174
Sub-Saharan Africa,Comoros,2020,181,.39166173,Very low,0,.50999999,.00062021968,0,98.300003,1.0593798,.13,1,174
Latin America-Caribbean,Costa Rica,2010,124,1.8875334,Low,.044134337,91.235909,.008870136,.054086197,.017740272,1.0947138,7.5445504,1,188
Latin America-Caribbean,Costa Rica,2020,112,2.5376604,Moderate,.048993725,87.859177,.0093693184,.050750475,.02518004,1.9079376,10.098596,1,188
Europe,Croatia,2010,139,1.4058566,Low,.022235209,93.652382,.011464562,.012186487,1.5408552,.088707931,4.6721716,1,191
Europe,Croatia,2020,131,1.9804337,Low,.022288118,90.857826,.011706879,.015337282,1.3726027,1.0624112,6.6578279,1,191
Latin America-Caribbean,Cuba,2010,13,6.637464,High,.049995001,58.794125,.209979,.0099990005,.079992004,17.318268,23.537645,1,192
Latin America-Caribbean,Cuba,2020,19,6.4770961,High,.049995001,60.653938,.209979,.0099990005,.079992004,17.388262,21.60784,1,192
Latin America-Caribbean,Curacao,2010,120,2.0327311,Moderate,.31371662,90.655739,1.9998114,.19380616,.49225879,.46207175,5.8825932,1,531
Latin America-Caribbean,Curacao,2020,129,2.0398643,Moderate,.34867412,90.619469,1.9868361,.19414404,.49680507,.4278467,5.926228,1,531
Asia-Pacific,Cyprus,2010,32,5.7819734,High,.63734555,65.536774,.28326467,.041759547,26.575148,.44250372,6.4832015,1,196
Asia-Pacific,Cyprus,2020,41,5.5684943,High,.55755907,67.748779,.26665869,.043770704,24.358803,.45433971,6.5700898,1,196
Europe,Czech Republic,2010,49,5.1328926,Moderate,.10582662,30.028788,.02276182,.025552209,.18958887,1.0898038,68.537682,1,203
Europe,Czech Republic,2020,64,4.6670709,Moderate,.068411015,26.412758,.016849395,.025813969,.32713088,.33561009,72.813423,1,203
Sub-Saharan Africa,Democratic Republic of the Congo,2010,162,.79805595,Very low,.00021310718,96.497223,.0015777571,.00015062225,1.2053837,.87362647,1.4218279,1,180
Sub-Saharan Africa,Democratic Republic of the Congo,2020,164,.85056812,Very low,.00015326613,96.261513,.0011975729,.00010769692,1.2705512,1.2909249,1.1755552,1,180
Europe,Denmark,2010,72,3.9095764,Moderate,.49856788,80.167229,.30498925,.14867795,3.1946962,1.188699,14.497139,1,208
Europe,Denmark,2020,71,4.4208703,Moderate,.6564796,76.906235,.43512353,.1061272,4.2191048,1.0460204,16.630907,1,208
Sub-Saharan Africa,Djibouti,2010,174,.59226364,Very low,0,1.3455226,.040002666,0,97.412949,.086572863,1.1149532,1,262
Sub-Saharan Africa,Djibouti,2020,177,.53402215,Very low,0,1.100099,.039979678,0,97.672073,.086538285,1.1013136,1,262
Latin America-Caribbean,Dominican Republic,2010,89,2.9926517,Moderate,.034063864,84.921181,.0075697475,.0010229389,.019640427,.074783213,14.941742,1,214
Latin America-Caribbean,Dominican Republic,2020,75,4.1779876,Moderate,.042546757,77.636581,.006363831,.00090911874,.024818944,2.6876893,19.601089,1,214
Latin America-Caribbean,Ecuador,2010,154,.99071163,Very low,.017078524,95.564507,.0086726882,.0040027793,.014276578,.12203257,4.269434,1,218
Latin America-Caribbean,Ecuador,2020,119,2.4312751,Moderate,.022002894,88.523621,.007959703,.0034113014,.018136753,3.0334721,8.3913965,1,218
Middle East-North Africa,Egypt,2010,149,1.1279019,Low,.000020952262,5.0845184,.000062854233,.00039639289,94.907188,.0032302835,.0045844004,1,818
Middle East-North Africa,Egypt,2020,160,1.0720915,Low,.000054033269,4.8214159,.00017096053,.00021422911,95.172569,.00092300586,.0046525225,1,818
Latin America-Caribbean,El Salvador,2010,110,2.4038365,Moderate,.006542325,88.342804,.0017991393,.0016355813,.0032711625,.019954091,11.623993,1,222
Latin America-Caribbean,El Salvador,2020,110,2.6482811,Moderate,.0066743675,87.108383,.0019069621,.0015891352,.0034960972,.99595374,11.881999,1,222
Sub-Saharan Africa,Equatorial Guinea,2010,109,2.437829,Moderate,.0027409163,88.680359,.049927875,.003654555,4.0480719,2.2279441,4.9873009,1,226
Sub-Saharan Africa,Equatorial Guinea,2020,117,2.4383256,Moderate,.04323177,88.680367,.049927894,.062654741,4.048059,2.1284556,4.9873013,1,226
Sub-Saharan Africa,Eritrea,2010,25,6.0122695,High,.00095306867,47.070545,.026635762,.00031768956,51.279331,.58336759,1.0388511,1,232
Sub-Saharan Africa,Eritrea,2020,29,6.0090423,High,.00084367587,46.671173,.030002009,.00028122528,51.669579,.56696767,1.061152,1,232
Europe,Estonia,2010,22,6.0924635,High,.12559561,61.185711,.058804311,.20576243,.49873573,6.4183912,31.507,1,233
Europe,Estonia,2020,23,6.209424,High,.19614619,52.613861,.062808216,.13539495,.59811503,2.7907958,43.602879,1,233
Sub-Saharan Africa,Eswatini,2010,135,1.5223757,Low,.023638083,93.131485,.13637355,.01818314,.33638811,2.3661804,3.9877505,1,748
Sub-Saharan Africa,Eswatini,2020,144,1.4821692,Low,.022890331,93.228432,.12716851,.0169558,.13570014,.31287941,6.1559772,1,748
Sub-Saharan Africa,Ethiopia,2010,37,5.6813688,High,.0011722796,62.553902,.0024685375,.00626561,34.793762,2.5796776,.062757298,1,231
Sub-Saharan Africa,Ethiopia,2020,37,5.7053571,High,.0011632845,61.578274,.0024225907,.0047765425,36.240177,2.1108611,.062328305,1,231
Asia-Pacific,Federated States of Micronesia,2010,185,.28051862,Very low,.083652839,98.787056,.0087445667,0,.0019320667,.41795793,.70065385,1,583
Asia-Pacific,Federated States of Micronesia,2020,184,.27681014,Very low,.083652839,98.803261,.0086263521,0,.0019576938,.41783303,.68467122,1,583
Asia-Pacific,Fiji,2010,34,5.7525878,High,.061866861,65.530617,27.111206,.018781014,6.268487,.7539714,.25507116,1,242
Asia-Pacific,Fiji,2020,50,5.3112178,Moderate,.064101033,69.519974,24.102961,.020642705,5.7803707,.26062152,.2513335,1,242
Europe,Finland,2010,81,3.5341325,Moderate,.16879702,81.824219,.062930189,.051536109,.81858814,.50342172,16.570513,1,246
Europe,Finland,2020,59,4.8352709,Moderate,.31453785,72.284973,.14736658,.062084883,1.6101946,.5336256,25.047218,1,246
Europe,France,2010,17,6.4236612,High,.51791173,57.096737,.096085221,.77188462,6.6259718,.40919501,34.482212,1,250
Europe,France,2020,10,6.9279718,High,.71300137,46.467613,.12776679,.69168675,9.0978174,.25636187,42.645752,1,250
Latin America-Caribbean,French Guiana,2010,87,3.2175226,Moderate,.59968442,84.533211,1.5638379,.045013648,.89661628,9.0307341,3.3309028,1,254
Latin America-Caribbean,French Guiana,2020,91,3.2783892,Moderate,.60143763,84.197906,1.6000295,.040511314,.91736352,9.2351112,3.4076378,1,254
Asia-Pacific,French Polynesia,2010,138,1.430933,Low,.092329718,93.531761,.070475146,.057008281,.36999449,.95634687,4.9220858,1,258
Asia-Pacific,French Polynesia,2020,145,1.4482787,Low,.093618087,93.446098,.062930681,.053901326,.32458982,.9833445,5.0355182,1,258
Sub-Saharan Africa,Gabon,2010,93,2.9246364,Moderate,0,86.036095,0,0,5.4487634,.72084016,7.7942996,1,266
Sub-Saharan Africa,Gabon,2020,90,3.3551731,Moderate,0,83.74292,0,0,8.6376791,1.8573627,5.7620401,1,266
Sub-Saharan Africa,Gambia,2010,160,.84832829,Very low,0,3.4565878,.072679408,0,96.233383,.20647559,.030874807,1,270
Sub-Saharan Africa,Gambia,2020,166,.67911404,Very low,0,2.8933675,.066045195,0,97.002708,.019944005,.017932352,1,270
Europe,Georgia,2010,111,2.3797371,Moderate,.011128976,88.578781,.011311418,.048188806,10.666319,.24665494,.43761748,1,268
Europe,Georgia,2020,115,2.4675999,Moderate,.011647883,88.172623,.012154249,.044509161,10.46078,.30997789,.98830873,1,268
Europe,Germany,2010,27,5.9365935,High,.32204387,62.230301,.12623432,.1463263,5.1418014,.21734415,31.815948,1,276
Europe,Germany,2020,20,6.4023767,High,.34375194,56.234879,.15651976,.14160739,6.5487413,.4268007,36.147697,1,276
Sub-Saharan Africa,Ghana,2010,46,5.3327093,Moderate,0,71.087952,0,0,17.667557,5.9742494,5.2702441,1,288
Sub-Saharan Africa,Ghana,2020,54,5.2052364,Moderate,0,71.287903,0,0,19.870607,7.773138,1.0683498,1,288
Europe,Greece,2010,123,1.9137594,Low,.018624619,91.244942,.072504595,.040783837,4.503006,.44404233,3.6760952,1,300
Europe,Greece,2020,125,2.2691691,Moderate,.024676014,89.476364,.085614547,.039002184,5.1202168,.51175165,4.7423711,1,300
Latin America-Caribbean,Grenada,2010,102,2.6562662,Moderate,0,87.474434,.20165356,0,.39466485,6.1561952,5.7730532,1,308
Latin America-Caribbean,Grenada,2020,109,2.6562662,Moderate,0,87.474434,.20165356,0,.39466485,6.1561952,5.7730532,1,308
Latin America-Caribbean,Guadeloupe,2010,157,.9479363,Very low,.21336165,95.815315,.50627196,.35973766,.37462381,.22319515,2.5074975,1,312
Latin America-Caribbean,Guadeloupe,2020,162,.93649852,Very low,.20725809,95.867348,.49992087,.35385525,.36998156,.22520894,2.4764247,1,312
Asia-Pacific,Guam,2010,146,1.3079509,Low,1.0622619,94.15638,0,0,.030575955,3.1037574,1.6470248,1,316
Asia-Pacific,Guam,2020,148,1.3381621,Low,1.0504613,94.016579,0,0,.030216312,3.069622,1.833123,1,316
Latin America-Caribbean,Guatemala,2010,133,1.5338149,Low,.0050883163,92.9916,.0012376986,.0061884932,.0025441581,.90725178,6.0860925,1,320
Latin America-Caribbean,Guatemala,2020,139,1.7556477,Low,.0054714936,91.950264,.0013246774,.0051835203,.0027069494,2.0141091,6.0209422,1,320
Sub-Saharan Africa,Guinea,2010,106,2.5599008,Moderate,.090003364,8.4695692,0,0,87.87899,.19980772,3.3616285,1,324
Sub-Saharan Africa,Guinea,2020,106,2.7131484,Moderate,.085958868,11.708076,0,0,86.807892,.078451402,1.3196203,1,324
Sub-Saharan Africa,Guinea-Bissau,2010,7,7.1278558,Very high,0,26.194811,0,0,53.724461,17.66617,2.4145553,1,624
Sub-Saharan Africa,Guinea-Bissau,2020,6,7.1697803,Very high,0,21.717779,0,0,55.979042,10.680865,11.622312,1,624
Latin America-Caribbean,Guyana,2010,21,6.1170449,High,.026740417,63.898922,24.825644,.012033188,6.7700558,1.3321056,3.1345055,1,328
Latin America-Caribbean,Guyana,2020,31,5.9040136,High,.03135968,65.875511,23.39901,.037631616,6.5048909,1.243247,2.9083457,1,328
Latin America-Caribbean,Haiti,2010,122,1.9245886,Low,.0033526772,91.051422,0,.0022351181,.0019303294,1.3066924,7.6343632,1,332
Latin America-Caribbean,Haiti,2020,121,2.3760362,Moderate,.0031839246,88.718658,0,.0021226162,.0018572893,1.8394874,9.4346876,1,332
Latin America-Caribbean,Honduras,2010,118,2.0865812,Moderate,.12964471,90.110832,0,.011833014,.0023666027,.18026745,9.5650578,1,340
Latin America-Caribbean,Honduras,2020,120,2.4203219,Moderate,.005433836,88.472412,.0012843612,.0059278212,.0027663165,1.7682755,9.7439032,1,340
Asia-Pacific,Hong Kong,2010,38,5.6730618,High,11.862377,18.571289,.10497678,.0077112489,.10497678,1.1547446,68.193924,1,344
Asia-Pacific,Hong Kong,2020,51,5.2329335,Moderate,8.4119825,18.746111,.30339074,.03234078,.26803479,.88335389,71.354782,1,344
Europe,Hungary,2010,56,4.7917185,Moderate,.12419295,72.555061,.035343461,.1515785,.061702374,2.0887375,24.983383,1,348
Europe,Hungary,2020,63,4.707449,Moderate,.19222227,72.368843,.057621021,.13296446,.13922392,.13321792,26.975906,1,348
Europe,Iceland,2010,77,3.6610768,Moderate,.42160276,81.284271,.12599517,.094193012,.72328913,1.4797318,15.870918,1,352
Europe,Iceland,2020,66,4.6484919,Moderate,1.3399417,74.918739,.16047928,.15547425,1.2126484,2.3672984,19.845415,1,352
Asia-Pacific,India,2010,71,3.9518483,Moderate,.69895923,2.3098202,79.973961,.0003678865,14.264813,2.7493122,.0027671971,1,356
Asia-Pacific,India,2020,78,4.034831,Moderate,.68066257,2.2146201,79.366188,.0003013786,15.190016,2.5449524,.0032599971,1,356
Asia-Pacific,Indonesia,2010,104,2.6100383,Moderate,.72118306,9.8761959,1.6939561,5.8936021e-06,87.532166,.07711897,.099378057,1,360
Asia-Pacific,Indonesia,2020,105,2.7168915,Moderate,.67752773,10.262307,1.5842967,.0010590089,86.96418,.41862658,.092005208,1,360
Asia-Pacific,Iran,2010,198,.062453449,Very low,0,.15718226,0,.011692788,99.731812,.099316575,0,1,364
Asia-Pacific,Iran,2020,198,.052850842,Very low,.000018758717,.14260982,.0002192168,.0092421565,99.773109,.074749671,.000050129172,1,364
Middle East-North Africa,Iraq,2010,189,.17746221,Very low,0,.63667291,.00047977164,0,99.234406,.12754408,.0008955737,1,368
Middle East-North Africa,Iraq,2020,193,.11657337,Very low,0,.37498069,.00049345603,0,99.49836,.12536426,.00079892878,1,368
Europe,Ireland,2010,130,1.7745169,Low,.19267985,91.868141,.23686798,.02652177,1.0903929,.44103223,6.1443653,1,372
Europe,Ireland,2020,86,3.6830213,Moderate,.19380386,81.216019,.69491416,.054588255,1.6911991,.54823768,15.601238,1,372
Middle East-North Africa,Israel,2010,66,4.2299109,Moderate,.05138525,1.9643615,.1992712,78.499756,13.857499,1.851164,3.5765636,1,376
Middle East-North Africa,Israel,2020,70,4.457356,Moderate,.042839181,1.8792765,.16612966,77.049393,14.731497,1.7562019,4.3746643,1,376
Europe,Italy,2010,108,2.4626656,Moderate,.41805926,88.495667,.30003983,.0750653,3.4156651,.55651414,6.7389927,1,380
Europe,Italy,2020,81,3.8820968,Moderate,.61356783,80.471794,.42585316,.071020424,4.4194283,.72590345,13.27243,1,380
Sub-Saharan Africa,Ivory Coast,2010,5,7.3426571,Very high,0,40.799046,0,0,43.722313,5.4703279,10.008315,1,384
Sub-Saharan Africa,Ivory Coast,2020,14,6.7618079,High,0,44.914967,0,0,46.320717,3.1999602,5.5643549,1,384
Latin America-Caribbean,Jamaica,2010,48,5.2522531,Moderate,0,70.443039,.03840673,.0073155672,.016460026,7.6454849,21.849297,1,388
Latin America-Caribbean,Jamaica,2020,44,5.449789,Moderate,.0012427554,68.612328,.036873739,.017727759,.015954982,7.5722313,23.743639,1,388
Asia-Pacific,Japan,2010,16,6.4308047,High,41.797905,2.208921,.024834791,.0013217835,.15871897,3.6283584,52.179943,1,392
Asia-Pacific,Japan,2020,24,6.1846328,High,37.205608,2.2496302,.031737354,.0013762225,.16997391,2.885505,57.456173,1,392
Middle East-North Africa,Jordan,2010,163,.79737169,Very low,.028421966,3.3538661,.063812368,0,96.463875,.014860217,.075166725,1,400
Middle East-North Africa,Jordan,2020,169,.66061467,Very low,.018849416,2.8091633,.027908115,0,97.086891,.0097907158,.047398046,1,400
Asia-Pacific,Kazakhstan,2010,50,5.1246033,Moderate,.094393596,27.322842,0,.033940181,69.66153,.022663796,2.8646283,1,398
Asia-Pacific,Kazakhstan,2020,76,4.1442995,Moderate,.091090441,19.291857,0,.042062771,77.904526,.13601622,2.5344465,1,398
Sub-Saharan Africa,Kenya,2010,84,3.4409513,Moderate,.00072258001,83.121315,.13922246,.00096343999,11.224777,3.1085498,2.4044523,1,404
Sub-Saharan Africa,Kenya,2020,102,2.9583752,Moderate,.00096180144,85.670288,.12790793,.00057708088,10.931154,1.665675,1.6034372,1,404
Asia-Pacific,Kiribati,2010,173,.61013371,Very low,0,97.316963,0,0,.10287,2.5346935,.045471456,1,296
Asia-Pacific,Kiribati,2020,174,.55419397,Very low,0,97.570099,0,0,.08540649,2.2440135,.10047822,1,296
Europe,Kosovo,2010,140,1.3677368,Low,0,6.0898457,0,.0028028747,93.757912,0,.14943783,1,412
Europe,Kosovo,2020,152,1.264218,Low,0,5.5983253,0,.0022313735,94.260406,0,.13903357,1,412
Middle East-North Africa,Kuwait,2010,80,3.5478587,Moderate,.10817598,9.4034624,7.3805308,.010736058,82.558594,.30285197,.23564969,1,414
Middle East-North Africa,Kuwait,2020,80,3.9411776,Moderate,.1214555,10.53037,8.5042009,.010824583,80.239906,.34498772,.24825449,1,414
Asia-Pacific,Kyrgyzstan,2010,121,2.0276444,Moderate,.10297925,7.7220259,.01568263,.0091178082,90.552895,0,1.5972961,1,417
Asia-Pacific,Kyrgyzstan,2020,137,1.8103309,Low,.032685466,5.7533569,.0093387049,.0046693524,91.717468,1.3127055,1.1697749,1,417
Asia-Pacific,Laos,2010,42,5.445076,Moderate,63.978748,.69582951,0,0,.061050959,35.199707,.064657912,1,418
Asia-Pacific,Laos,2020,42,5.4944801,Moderate,64.162964,1.5394446,0,0,.022150202,34.222607,.052833669,1,418
Europe,Latvia,2010,83,3.4804056,Moderate,.072804086,82.886398,.019985434,.3092984,.70053709,5.0161176,10.994862,1,428
Europe,Latvia,2020,73,4.3383021,Moderate,.069054514,77.267601,.043224961,.22666748,.67040861,4.7492247,16.973822,1,428
Middle East-North Africa,Lebanon,2010,31,5.783483,High,.0069058011,33.838722,.016173588,.0084871305,62.315773,3.7965033,.017434647,1,422
Middle East-North Africa,Lebanon,2020,49,5.3765492,Moderate,.0066396804,27.906147,.017323207,.0056507913,67.783562,4.2618737,.018806541,1,422
Sub-Saharan Africa,Lesotho,2010,172,.61244172,Very low,0,97.323135,.024718862,.0024718861,.13614228,1.0582803,1.4552511,1,426
Sub-Saharan Africa,Lesotho,2020,172,.6122275,Very low,.000022657778,97.323471,.044363603,.0044363602,.21846071,.74434406,1.6649034,1,426
Sub-Saharan Africa,Liberia,2010,94,2.9167147,Moderate,0,85.744057,.0074627683,0,12.052026,.74336058,1.4530916,1,430
Sub-Saharan Africa,Liberia,2020,98,3.0125105,Moderate,0,85.168961,.005896708,0,12.723525,1.0351188,1.0664977,1,430
Middle East-North Africa,Libya,2010,166,.72231501,Very low,.28085777,2.6324744,.088970579,.001925402,96.818596,.080628246,.096548431,1,434
Middle East-North Africa,Libya,2020,189,.23301323,Very low,.25800115,.52461785,.089997694,.001906484,98.994522,.081556775,.049393952,1,434
Europe,Lithuania,2010,132,1.6329904,Low,.02421139,92.48455,.008601415,.044943765,.099761985,.5093205,6.8286123,1,440
Europe,Lithuania,2020,141,1.70076,Low,.025529502,92.150467,.018437974,.037046697,.089217022,.59921926,7.080081,1,440
Europe,Luxembourg,2010,60,4.7130523,Moderate,.12818755,74.390808,.13422716,.21296524,.7310006,4.2049794,20.197832,1,442
Europe,Luxembourg,2020,33,5.8138328,High,.47947705,65.887894,.36008912,.48613381,1.8289419,5.6711454,25.28632,1,442
Asia-Pacific,Macao,2010,35,5.7467752,High,19.578993,10.130424,0,0,.35169756,2.2403822,67.698502,1,446
Asia-Pacific,Macao,2020,35,5.7614303,High,19.554543,10.117773,0,0,.47613207,2.2375846,67.613968,1,446
Sub-Saharan Africa,Madagascar,2010,47,5.3125129,Moderate,.029911112,69.962608,.059822224,.000460171,.6303311,6.8639064,22.452963,1,450
Sub-Saharan Africa,Madagascar,2020,65,4.6550646,Moderate,.027457755,74.205383,.063666567,.00035429362,1.1594887,2.2478111,22.295834,1,450
Sub-Saharan Africa,Malawi,2010,100,2.6893938,Moderate,.0027176829,86.940964,.058430176,.0033971034,11.617261,.40421301,.97301638,1,454
Sub-Saharan Africa,Malawi,2020,111,2.6057212,Moderate,.0015482225,87.362358,.069153935,.0015482225,11.551904,.072149709,.941342,1,454
Asia-Pacific,Malaysia,2010,12,6.6714702,High,19.81785,9.2497416,6.2792921,0,61.304619,1.6604685,1.6880327,1,458
Asia-Pacific,Malaysia,2020,21,6.3115902,High,18.875608,9.1531849,6.122179,0,64.117195,.88715404,.84467882,1,458
Asia-Pacific,Maldives,2010,145,1.3183407,Low,1.3468734,1.6069833,2.513083,0,94.123138,.33248425,.077439092,1,462
Asia-Pacific,Maldives,2020,149,1.3292409,Low,1.3230373,1.646034,2.5410874,0,94.07235,.34945565,.068035409,1,462
Sub-Saharan Africa,Mali,2010,144,1.3332999,Low,0,3.4705906,0,0,94.031715,1.1007712,1.3969247,1,466
Sub-Saharan Africa,Mali,2020,150,1.3128054,Low,0,2.5717525,0,0,94.133713,.76922739,2.5253079,1,466
Europe,Malta,2010,169,.66903651,Very low,.078805029,97.056877,.08358109,.0146342,.158912,.065609798,2.5415769,1,470
Europe,Malta,2020,116,2.4579577,Moderate,.60690731,88.599678,1.4153273,.28691515,3.6430142,.20319866,5.2449555,1,470
Latin America-Caribbean,Martinique,2010,161,.81662905,Very low,.03891645,96.403542,.23085342,0,.21097839,.71022332,2.4054897,1,474
Latin America-Caribbean,Martinique,2020,163,.89614588,Very low,.039971754,96.040398,.23743221,0,.21691339,.73068362,2.7346008,1,474
Sub-Saharan Africa,Mauritania,2010,188,.20295024,Very low,0,.27142122,0,.0029244379,99.124718,.49861526,.10231812,1,478
Sub-Saharan Africa,Mauritania,2020,191,.18896182,Very low,0,.23378052,0,.0022229122,99.185402,.47209132,.10650241,1,478
Sub-Saharan Africa,Mauritius,2010,6,7.3142686,Very high,.39837411,32.76852,48.51429,.0033506581,17.39204,.19082448,.73260117,1,480
Sub-Saharan Africa,Mauritius,2020,5,7.3280139,Very high,.39509785,32.856689,48.28931,.0033132292,17.511871,.19038691,.75332969,1,480
Sub-Saharan Africa,Mayotte,2010,184,.30891964,Very low,0,.66166466,0,0,98.663651,.46019474,.21448764,1,175
Sub-Saharan Africa,Mayotte,2020,185,.26877841,Very low,0,.52160269,0,0,98.838768,.46002209,.17961021,1,175
Latin America-Caribbean,Mexico,2010,150,1.1062955,Low,.01281035,95.017998,.0017665445,.06156655,.0034392059,.073639832,4.8287835,1,484
Latin America-Caribbean,Mexico,2020,127,2.2575657,Moderate,.018263193,89.17308,.0039171502,.046796679,.0062859333,.11730411,10.63435,1,484
Europe,Moldova,2010,179,.48863909,Very low,.003534351,97.872391,0,.023544269,.13277817,.66153228,1.3062216,1,498
Europe,Moldova,2020,194,.10829618,Very low,.0035658169,99.534348,0,.019609634,.18123922,.027385131,.23385538,1,498
Asia-Pacific,Mongolia,2010,14,6.6131678,High,53.884392,2.1479096,.0029602002,0,3.2973685,3.2217131,37.445656,1,496
Asia-Pacific,Mongolia,2020,17,6.6430364,High,51.135098,1.3424848,.0030355139,0,3.526083,3.1654303,40.827869,1,496
Europe,Montenegro,2010,67,4.1987381,Moderate,0,77.536476,0,0,19.623964,1.5700432,1.2695199,1,499
Europe,Montenegro,2020,72,4.3859921,Moderate,0,76.046158,0,0,21.307114,1.5032927,1.1434373,1,499
Middle East-North Africa,Morocco,2010,196,.079212986,Very low,0,.096848242,0,.010835662,99.659752,.10202804,.13053523,1,504
Middle East-North Africa,Morocco,2020,197,.075547598,Very low,0,.085476898,0,.006179804,99.675522,.10203585,.13078915,1,504
Sub-Saharan Africa,Mozambique,2010,8,7.1154413,Very high,.0020802885,56.335915,.043339342,0,17.990868,6.679975,18.947823,1,508
Sub-Saharan Africa,Mozambique,2020,18,6.5703564,High,.0016036828,61.339951,.032073654,0,19.427248,4.9115868,14.287538,1,508
Asia-Pacific,Myanmar,2010,103,2.6377788,Moderate,87.62619,6.2056289,.57656014,.00016205525,4.5769453,.9501701,.064344577,1,104
Asia-Pacific,Myanmar,2020,122,2.35658,Moderate,89.051102,6.1357307,.43941438,.0001871846,3.3453557,.96955991,.05864704,1,104
Sub-Saharan Africa,Namibia,2010,159,.86706269,Very low,.033344917,96.149582,.05716271,.0047635594,.066583775,3.4644632,.22409779,1,516
Sub-Saharan Africa,Namibia,2020,128,2.0514112,Moderate,.028122639,90.535881,.052227754,.0040175198,.11899709,3.629415,5.6313419,1,516
Asia-Pacific,Nepal,2010,75,3.7774312,Moderate,9.0382271,1.4059962,81.522942,0,4.4008803,3.630075,.0018776533,1,524
Asia-Pacific,Nepal,2020,82,3.8484476,Moderate,8.2087393,1.7583549,81.184013,0,5.0839415,3.7636583,.0012947795,1,524
Europe,Netherlands,2010,9,7.0479946,Very high,.23689783,42.727364,.49569571,.17952038,5.0002813,5.8186007,45.541641,1,528
Europe,Netherlands,2020,15,6.7555914,High,.29878932,35.103058,.56280828,.17503501,5.5006728,4.2433934,54.116241,1,528
Asia-Pacific,New Caledonia,2010,90,2.9867506,Moderate,.62630707,85.622154,0,.039668046,2.7659676,.95501107,9.9908886,1,540
Asia-Pacific,New Caledonia,2020,96,3.0774686,Moderate,.62488836,85.102859,0,.035027374,2.7601571,.95309484,10.523974,1,540
Asia-Pacific,New Zealand,2010,15,6.5617862,High,1.5150107,49.113953,2.3355844,.14342386,1.1982703,1.5130476,44.180714,1,554
Asia-Pacific,New Zealand,2020,16,6.6703172,High,1.1925081,40.323315,2.788676,.1107935,1.3594259,2.8704698,51.354813,1,554
Latin America-Caribbean,Nicaragua,2010,101,2.6702895,Moderate,.0042693201,86.920441,0,.001707728,.0047816383,.59214199,12.476658,1,558
Latin America-Caribbean,Nicaragua,2020,97,3.0652897,Moderate,.0042925472,84.806107,0,.0014801887,.0045885849,1.8793653,13.304164,1,558
Sub-Saharan Africa,Niger,2010,181,.32644758,Very low,0,1.1134118,0,0,98.584457,.08946602,.21266477,1,562
Sub-Saharan Africa,Niger,2020,179,.42938092,Very low,0,.55623633,0,0,98.133293,.08625342,1.2242167,1,562
Sub-Saharan Africa,Nigeria,2010,29,5.8958306,High,.00062129996,44.393265,.00018638998,.000062129991,54.544319,.63767743,.42386454,1,566
Sub-Saharan Africa,Nigeria,2020,34,5.8065233,High,.00048001367,43.351376,.00014400409,.00004800137,56.066505,.20213321,.3793115,1,566
Asia-Pacific,North Korea,2010,59,4.7296176,Moderate,1.5169418,.39805785,.0014582907,0,.010000734,25.221098,72.852448,1,408
Asia-Pacific,North Korea,2020,62,4.7271295,Moderate,1.5168726,.38403407,.0015850026,0,.010000302,25.219965,72.867546,1,408
Europe,North Macedonia,2010,44,5.4102917,Moderate,.011462259,65.189445,0,.0047759414,33.330002,.03128583,1.43303,1,807
Europe,North Macedonia,2020,48,5.3778167,Moderate,.011368634,64.685318,0,.0047369311,34.727261,.05566274,.51565486,1,807
Europe,Norway,2010,69,4.14889,Moderate,.53172553,78.81321,.15297334,.11449169,2.5196297,3.1899865,14.677985,1,578
Europe,Norway,2020,56,5.1056943,Moderate,.6877529,71.42244,.23049018,.096250214,4.1137452,.99778461,22.451542,1,578
Middle East-North Africa,Oman,2010,117,2.1367812,Moderate,.060792953,4.3748369,5.1689277,.0038516081,90.125305,.19018617,.07609529,1,512
Middle East-North Africa,Oman,2020,87,3.6804748,Moderate,.11207476,8.0710335,9.5314169,.0070652002,81.7873,.3508389,.14026952,1,512
Asia-Pacific,Pakistan,2010,164,.75435084,Very low,.010586156,1.4840673,1.7630821,.000094630566,96.685577,.042830002,.013764118,1,586
Asia-Pacific,Pakistan,2020,165,.78516829,Very low,.010499283,1.271848,2.1397018,.000090902737,96.544304,.020821461,.012734035,1,586
Middle East-North Africa,Palestinian territories,2010,186,.27812093,Very low,0,1.1790886,0,0,98.793823,.027085457,0,1,275
Middle East-North Africa,Palestinian territories,2020,188,.23888439,Very low,0,1.0045189,0,0,98.965813,.0296665,0,1,275
Latin America-Caribbean,Panama,2010,136,1.5087162,Low,.1403423,93.114822,.078822389,.21971397,.041196369,.38687038,6.018229,1,591
Latin America-Caribbean,Panama,2020,132,1.9217799,Low,.17138614,91.157906,.093144633,.23286159,.053109758,2.0811496,6.210443,1,591
Asia-Pacific,Papua New Guinea,2010,194,.11151025,Very low,.00356047,99.52021,.0027692544,.0013186925,.09362717,.006857201,.3716557,1,598
Asia-Pacific,Papua New Guinea,2020,190,.21097015,Very low,.0027693331,99.089844,.0022564935,.0010256789,.074771993,.51881778,.31051278,1,598
Latin America-Caribbean,Paraguay,2010,165,.73520678,Very low,.026002789,96.759064,0,.015601673,.012307985,2.6950092,.49201921,1,600
Latin America-Caribbean,Paraguay,2020,146,1.4347534,Low,.022663077,93.527756,0,.016619591,.011331539,2.1739464,4.247684,1,600
Latin America-Caribbean,Peru,2010,142,1.3492897,Low,.010810969,93.942612,.0025658945,.0065002665,.0093740681,3.2167189,2.8114202,1,604
Latin America-Caribbean,Peru,2020,156,1.2192514,Low,.031947389,94.491997,.0094881346,.0057048909,.021588508,.33256969,5.1067019,1,604
Asia-Pacific,Philippines,2010,127,1.7966526,Low,.036526319,91.774246,.0012830555,.00043480744,5.5711231,2.5405781,.07581,1,608
Asia-Pacific,Philippines,2020,135,1.8539435,Low,.036360435,91.461205,.0013286473,.00045225915,6.4623485,1.9971682,.041135743,1,608
Europe,Poland,2010,171,.6206758,Very low,.013714614,97.267479,.0041453619,.0082907239,.013087096,.042328954,2.6509538,1,616
Europe,Poland,2020,134,1.8782278,Low,.010713195,91.188416,.0052044885,.0117101,.0073155812,.13105956,8.6455803,1,616
Europe,Portugal,2010,129,1.7813075,Low,.17566392,91.764183,.18888593,.035970528,.25130951,.35609001,7.2278948,1,620
Europe,Portugal,2020,99,3.0007834,Moderate,.19921122,85.074371,.21903437,.03268465,.40882951,.28492847,13.780936,1,620
Latin America-Caribbean,Puerto Rico,2010,112,2.3128428,Moderate,.25792372,88.943558,.12347127,.040175036,.10209825,.21449763,10.318277,1,630
Latin America-Caribbean,Puerto Rico,2020,123,2.3331857,Moderate,.2200782,88.838188,.11798637,.045849621,.10836764,.28961259,10.379919,1,630
Middle East-North Africa,Qatar,2010,55,4.8171811,Moderate,.16877745,13.352153,11.090465,.012372346,74.628349,.44756374,.30032116,1,634
Middle East-North Africa,Qatar,2020,67,4.6313009,Moderate,.21844786,12.548363,10.629536,.010868053,75.891762,.42740431,.27362135,1,634
Sub-Saharan Africa,Republic of the Congo,2010,128,1.7923133,Low,.0039433208,91.807777,.0031546566,.0020279936,1.4851103,1.0657442,5.6322422,1,178
Sub-Saharan Africa,Republic of the Congo,2020,140,1.7078571,Low,.0039458633,92.22654,.0035074344,.0019290888,1.4647045,1.1001837,5.1991887,1,178
Sub-Saharan Africa,Reunion,2010,98,2.7087777,Moderate,.18915795,87.364944,4.5961537,.089874461,4.2464685,1.4528735,2.0605245,1,638
Sub-Saharan Africa,Reunion,2020,107,2.6761432,Moderate,.18563443,87.53289,4.5099564,.083522782,4.1668344,1.4340556,2.0871029,1,638
Europe,Romania,2010,190,.16932826,Very low,.0071304892,99.27076,.0017211526,.047208756,.34089473,.1224433,.20984526,1,642
Europe,Romania,2020,183,.33653349,Very low,.029729391,98.542,.019956755,.045262743,.35579652,.067656629,.93960071,1,642
Europe,Russia,2010,62,4.4481554,Moderate,.36389223,77.087738,.072866254,.13820927,8.623188,.68366945,13.030439,1,643
Europe,Russia,2020,47,5.4060669,Moderate,.35243994,69.925789,.071238369,.084050812,8.1930084,1.1752315,20.198244,1,643
Sub-Saharan Africa,Rwanda,2010,167,.71424502,Very low,0,96.87323,.0048501166,0,1.321907,.90367866,.89633155,1,646
Sub-Saharan Africa,Rwanda,2020,167,.67687076,Very low,0,97.0336,.0038033337,0,1.8075737,.1470868,1.0079354,1,646
Asia-Pacific,Samoa,2010,182,.32053471,Very low,.056505449,98.610649,.051368587,.015410576,.041094869,1.0801538,.1448167,1,882
Asia-Pacific,Samoa,2020,176,.53986549,Very low,.037221506,97.634232,.037221506,.0093053766,.025297131,2.1925061,.064215787,1,882
Sub-Saharan Africa,Sao Tome and Principe,2010,79,3.5541611,Moderate,0,82.296021,0,0,.16470982,5.0885081,12.450758,1,678
Sub-Saharan Africa,Sao Tome and Principe,2020,94,3.2004111,Moderate,0,84.435905,0,0,.091474153,5.7793808,9.6932383,1,678
Middle East-North Africa,Saudi Arabia,2010,147,1.2509124,Low,.056653894,3.353215,2.005758,.0021045886,94.406059,.090323918,.085883543,1,682
Middle East-North Africa,Saudi Arabia,2020,142,1.6120856,Low,.07348647,4.377708,2.6221166,.0027474433,92.693802,.11803728,.11210346,1,682
Sub-Saharan Africa,Senegal,2010,158,.87364244,Very low,.00031923075,3.4084094,0,.00031923075,96.121429,.46594632,.0035733038,1,686
Sub-Saharan Africa,Senegal,2020,173,.55645049,Very low,.00030420805,2.4033866,0,.00030420805,97.556473,.018828791,.020703293,1,686
Europe,Serbia,2010,153,1.0162928,Low,.014110733,95.482338,.0033970282,.0084283194,3.2436061,.026272511,1.2218461,1,688
Europe,Serbia,2020,136,1.8499157,Low,.014541986,91.535507,.0035335671,.0095665008,4.4200506,.0079284115,4.0088696,1,688
Sub-Saharan Africa,Seychelles,2010,143,1.3372427,Low,.75750607,94.047295,1.4604812,0,.90005744,.59171671,2.2429457,1,690
Sub-Saharan Africa,Seychelles,2020,147,1.3576051,Low,.75807828,93.951843,1.4491702,0,.89311671,.58733779,2.3604522,1,690
Sub-Saharan Africa,Sierra Leone,2010,82,3.5233881,Moderate,0,18.127554,.0062143663,0,81.555435,.21442008,.096377656,1,694
Sub-Saharan Africa,Sierra Leone,2020,85,3.7138672,Moderate,0,19.829313,.0097158477,0,80.146637,.0022957984,.012038952,1,694
Asia-Pacific,Singapore,2010,1,9.2220125,Very high,33.014217,18.269638,5.3785019,.005809912,15.590596,11.139638,16.601597,1,702
Asia-Pacific,Singapore,2020,1,9.2543602,Very high,30.801491,18.758917,5.2946,.015228762,16.138643,9.0950384,19.896082,1,702
Europe,Slovakia,2010,63,4.3815699,Moderate,.052640833,75.063782,.0053175278,.041586626,.040326726,.1026114,24.693735,1,703
Europe,Slovakia,2020,68,4.5727973,Moderate,.1227305,73.7453,.017808132,.037891094,.054791711,.69180596,25.32967,1,703
Europe,Slovenia,2010,58,4.7354536,Moderate,.022663288,72.393959,.10073228,.011258853,.92064786,.10674173,26.443996,1,705
Europe,Slovenia,2020,43,5.4560819,Moderate,.038389336,65.415436,.010602368,.023140971,1.6086274,.63641655,32.267387,1,705
Asia-Pacific,Solomon Islands,2010,151,1.0558639,Low,.31998006,95.289673,.0092525166,0,.268637,3.8199923,.29246905,1,90
Asia-Pacific,Solomon Islands,2020,159,1.1138209,Low,.33987489,95.022377,.0072338958,0,.33987489,3.9631228,.32751581,1,90
Sub-Saharan Africa,Somalia,2010,201,.044941504,Very low,0,.038002685,.046939503,0,99.807152,.086940959,.020963665,1,706
Sub-Saharan Africa,Somalia,2020,199,.038829744,Very low,0,.026225023,.039998192,0,99.833397,.08425606,.016120082,1,706
Sub-Saharan Africa,South Africa,2010,86,3.2717059,Moderate,.023915533,84.332092,1.0357026,.13614002,1.9425764,6.7224765,5.8070974,1,710
Sub-Saharan Africa,South Africa,2020,95,3.0793407,Moderate,.035529964,85.257118,1.0650073,.065178007,1.6048826,8.8501711,3.1221101,1,710
Asia-Pacific,South Korea,2010,2,7.7048788,Very high,25.57152,32.131062,.031610403,.00020486329,.21000534,.71611708,41.339478,1,410
Asia-Pacific,South Korea,2020,4,7.3340173,Very high,19.000572,31.985546,.091812678,.00019288379,.3100028,.34825626,48.263618,1,410
Sub-Saharan Africa,South Sudan,2010,18,6.203661,High,.0022690529,58.69257,.0020034974,0,6.2313323,34.622639,.44918615,1,728
Sub-Saharan Africa,South Sudan,2020,28,6.0932326,High,.0022691276,60.501648,.0020011205,0,6.223002,32.830784,.44030011,1,728
Europe,Spain,2010,70,4.0254364,Moderate,.0097179608,78.6465,.046858408,.025766127,2.1165242,.18525623,18.969378,1,724
Europe,Spain,2020,53,5.2125864,Moderate,.01773273,69.456764,.12520808,.027235987,3.5752523,.4380669,26.359743,1,724
Asia-Pacific,Sri Lanka,2010,40,5.5719724,High,70.101845,7.6226339,12.579984,.00033867868,9.6640558,.013244387,.017901588,1,144
Asia-Pacific,Sri Lanka,2020,39,5.6107774,High,69.599945,5.5903573,14.534928,.00027630568,10.202401,.0022104455,.069881201,1,144
Latin America-Caribbean,St. Lucia,2010,125,1.8471524,Low,0,91.521194,.30669203,0,.10243513,2.0431821,6.0264983,1,662
Latin America-Caribbean,St. Lucia,2020,138,1.8038526,Low,0,91.733704,.31132656,0,.094947815,1.9587438,5.901279,1,662
Latin America-Caribbean,St. Vincent and the Grenadines,2010,96,2.8676779,Moderate,0,86.303421,.085553266,0,.10717303,5.6307182,7.8731327,1,670
Latin America-Caribbean,St. Vincent and the Grenadines,2020,103,2.8657093,Moderate,0,86.314125,.08554294,0,.10706639,5.6293573,7.8639121,1,670
Middle East-North Africa,Sudan,2010,197,.069562398,Very low,0,.1719131,.0013337311,0,99.701202,0,.12555031,1,729
Middle East-North Africa,Sudan,2020,186,.26486129,Very low,0,.48797816,.0012376102,0,98.855515,.092053778,.56321257,1,729
Latin America-Caribbean,Suriname,2010,3,7.6123328,Very high,.35342807,51.628513,23.40078,.03662467,14.05851,3.1494427,7.3727064,1,740
Latin America-Caribbean,Suriname,2020,2,7.5392842,Very high,.38381392,52.786781,22.453739,.032945402,13.090199,3.1432455,8.1092768,1,740
Europe,Sweden,2010,52,4.9293842,Moderate,.60577428,72.752151,.26036942,.08912202,4.5172458,.30451325,21.470823,1,752
Europe,Sweden,2020,22,6.3048306,High,.83967167,60.771309,.45201537,.15836248,8.0991983,.77306736,28.906376,1,752
Europe,Switzerland,2010,53,4.8886242,Moderate,.54677165,73.348312,.52222663,.24494398,5.0725255,.18088122,20.084337,1,756
Europe,Switzerland,2020,27,6.094182,High,.61909187,61.580498,.53941804,.22601055,6.0830727,.18676396,30.765142,1,756
Middle East-North Africa,Syria,2010,115,2.2383175,Moderate,0,8.5894928,.0088993628,.00053692114,89.464638,.002364934,1.9340726,1,760
Middle East-North Africa,Syria,2020,151,1.299776,Low,0,3.8407471,.0099996245,.000559979,94.165993,.002657043,1.9800457,1,760
Asia-Pacific,Taiwan,2010,4,7.48176,Very high,20.872694,4.9372106,0,0,.34520519,51.071022,22.773867,1,158
Asia-Pacific,Taiwan,2020,3,7.4626598,Very high,19.188751,5.5392914,0,0,.49780315,51.682316,23.091835,1,158
Asia-Pacific,Tajikistan,2010,187,.25149038,Very low,.0053793211,1.0001905,.0045921034,0,98.911224,.0040672915,.07454811,1,762
Asia-Pacific,Tajikistan,2020,187,.2508221,Very low,.0041914629,1.0002198,.0036675301,0,98.914124,.003248384,.074550293,1,762
Sub-Saharan Africa,Tanzania,2010,33,5.7612271,High,.00031034884,61.680954,.0099754985,.00028818107,35.383091,.74745435,2.1779282,1,834
Sub-Saharan Africa,Tanzania,2020,36,5.724812,High,.00017826895,64.691658,.006482508,.00017826895,29.867817,1.9555314,3.478159,1,834
Asia-Pacific,Thailand,2010,137,1.4473072,Low,93.447784,1.2187071,.071827345,.00029295235,5.0443287,.14596,.071096636,1,764
Asia-Pacific,Thailand,2020,154,1.2467151,Low,94.392456,1.0336112,.040371645,.00027981552,4.5145898,.0060594194,.012629814,1,764
Asia-Pacific,Timor-Leste,2010,192,.13596217,Very low,.036748275,99.415123,.15767682,0,.19080257,.023256425,.17639172,1,626
Asia-Pacific,Timor-Leste,2020,195,.10807782,Very low,.030312831,99.535324,.012914565,0,.25667191,.10092044,.063858345,1,626
Sub-Saharan Africa,Togo,2010,10,6.9431806,High,.0018259685,58.408092,.0015216403,.00038041009,16.219923,17.799625,7.5686293,1,768
Sub-Saharan Africa,Togo,2020,7,7.0933199,Very high,.0015398136,56.884239,.001184472,.000296118,16.138145,18.961811,8.012784,1,768
Asia-Pacific,Tonga,2010,178,.50192237,Very low,.17813595,97.811401,.09730988,0,.023360845,1.6095194,.28027007,1,776
Asia-Pacific,Tonga,2020,178,.51301241,Very low,.058603145,97.764008,.078757726,0,.060463756,1.4568256,.58134001,1,776
Latin America-Caribbean,Trinidad and Tobago,2010,41,5.4645114,Moderate,.032295112,69.576103,20.882442,.0070907101,5.5440917,1.4082063,2.5497704,1,780
Latin America-Caribbean,Trinidad and Tobago,2020,46,5.4070983,Moderate,.029391387,70.017494,20.617247,.019760933,5.4642849,1.4032747,2.4485474,1,780
Middle East-North Africa,Tunisia,2010,191,.14126171,Very low,0,.22946174,0,.0082606226,99.391792,0,.37048891,1,788
Middle East-North Africa,Tunisia,2020,192,.16158442,Very low,0,.24667557,0,.0082225194,99.303795,0,.44131082,1,788
Asia-Pacific,Turkey,2010,183,.31698406,Very low,.042002544,.65008187,.032464851,.024944741,98.628838,.43906066,.18261118,1,792
Asia-Pacific,Turkey,2020,170,.65779555,Very low,.052905582,.13598159,.043144707,.029282628,97.106873,.10281084,2.5290017,1,792
Asia-Pacific,Turkmenistan,2010,134,1.5239751,Low,.01137474,6.3705602,.0018982646,.0037965293,93.020889,.083682567,.50779569,1,795
Asia-Pacific,Turkmenistan,2020,153,1.2579581,Low,.0067195296,5.6152196,.0015998877,.0031997755,94.287933,.013439059,.071888015,1,795
Latin America-Caribbean,U.S. Virgin Islands,2010,148,1.1692774,Low,0,94.779701,.42470255,.3304677,.106112,.63529581,3.7237239,1,850
Latin America-Caribbean,U.S. Virgin Islands,2020,155,1.2324353,Low,0,94.481102,.42040548,.33325991,.10534078,.62821412,4.0316787,1,850
Sub-Saharan Africa,Uganda,2010,105,2.5600462,Moderate,.00061839615,87.628723,.0046379711,.00027827825,11.20589,1.1443909,.015459904,1,800
Sub-Saharan Africa,Uganda,2020,113,2.531812,Moderate,.00080048339,87.744301,.0053365557,.0010406284,11.41293,.74071169,.094881155,1,800
Europe,Ukraine,2010,91,2.9412236,Moderate,.1003009,85.456367,.011426565,.1003009,.90270817,.18917525,13.239719,1,804
Europe,Ukraine,2020,92,3.2777493,Moderate,.33441824,83.429771,.01266236,.095710993,.56782633,.41504487,15.144568,1,804
Middle East-North Africa,United Arab Emirates,2010,57,4.7432389,Moderate,.15363538,13.156287,10.803028,.01381787,75.128319,.4362179,.30869737,1,784
Middle East-North Africa,United Arab Emirates,2020,57,5.0590525,Moderate,.16714233,14.313642,11.753531,.015009755,72.940231,.47460544,.33583519,1,784
Europe,United Kingdom,2010,20,6.1234374,High,.44934526,62.379021,1.4705719,.45168716,5.2582631,1.2070519,28.784061,1,826
Europe,United Kingdom,2020,12,6.8823056,High,.45710918,49.370411,1.6954442,.44077584,6.3691177,1.4489841,40.218159,1,826
North America,United States,2010,68,4.1943631,Moderate,1.1520829,78.278938,.57529491,1.8341267,.89118677,.81356478,16.454805,1,840
North America,United States,2020,32,5.8457952,High,1.291746,64.010002,.89428562,1.6892065,1.1923809,1.1923809,29.729998,1,840
Latin America-Caribbean,Uruguay,2010,30,5.7881656,High,0,60.979259,0,.5189923,.021475542,2.2164841,36.26379,1,858
Latin America-Caribbean,Uruguay,2020,26,6.1449404,High,0,44.491306,0,.47826147,.089302436,2.5313261,52.409805,1,858
Asia-Pacific,Uzbekistan,2010,156,.95683026,Very low,.067146286,3.3573139,.20143883,.01502461,95.750603,.0041579735,.60431653,1,860
Asia-Pacific,Uzbekistan,2020,161,.98861158,Very low,.014764371,2.7753074,.027500503,.0083515635,95.622231,.99986249,.55198419,1,860
Asia-Pacific,Vanuatu,2010,85,3.3967197,Moderate,.020370498,82.607925,.020370498,.0162964,.024444599,16.225853,1.0847412,1,548
Asia-Pacific,Vanuatu,2020,93,3.2647741,Moderate,.016042005,83.503761,.019250408,.012833605,.019250408,15.062409,1.3664558,1,548
Latin America-Caribbean,Venezuela,2010,114,2.2629204,Moderate,.021335995,89.358032,0,.040026743,.049807191,2.0997245,8.4310732,1,862
Latin America-Caribbean,Venezuela,2020,114,2.492887,Moderate,.021340482,88.115417,0,.017549738,.049069069,2.0688734,9.7277508,1,862
Asia-Pacific,Vietnam,2010,19,6.1809101,High,27.585897,8.7953625,.065549128,.00014336864,.087436005,1.3207796,62.144833,1,704
Asia-Pacific,Vietnam,2020,38,5.6235433,High,23.020819,8.33002,.041288089,.00012716373,.072078042,.86202037,67.673645,1,704
Middle East-North Africa,Western Sahara,2010,193,.11382868,Very low,0,.16511615,0,0,99.510422,.041031256,.28343341,1,732
Middle East-North Africa,Western Sahara,2020,196,.10423094,Very low,0,.15418613,0,0,99.551842,.041015852,.25295901,1,732
Middle East-North Africa,Yemen,2010,200,.051338375,Very low,.00054763159,.1111949,.020206964,.00096925104,99.77964,.011827809,.075613186,1,887
Middle East-North Africa,Yemen,2020,201,.031931501,Very low,.00054655207,.055731442,.0077437633,.00020242669,99.863022,.011200944,.061554585,1,887
Sub-Saharan Africa,Zambia,2010,177,.53066832,Very low,.0021751605,97.682922,.018198842,.0012325909,.50551617,1.71056,.079393357,1,894
Sub-Saharan Africa,Zambia,2020,180,.39599606,Very low,.0019019728,98.28038,.016061105,.0010038191,.51128948,1.1296077,.059753649,1,894
Sub-Saharan Africa,Zimbabwe,2010,88,3.1579306,Moderate,.043458719,84.445267,.048871588,.0031153206,.50271493,2.4736724,12.482901,1,716
Sub-Saharan Africa,Zimbabwe,2020,108,2.6623552,Moderate,.037205644,87.200188,.038111851,.0012763514,.52910537,1.6542262,10.539887,1,716
